{
    "running_time": 19.4921555519104,
    "0": {
        "time": 1642697962.3483849,
        "x": -15.148193359375,
        "y": 69.71392822265625,
        "z": 0.038997191935777664,
        "roll": -0.0007629393949173391,
        "pitch": 7.51320767449215e-05,
        "yaw": 0.07327636331319809
    },
    "1": {
        "time": 1642697962.8259134,
        "x": -15.148193359375,
        "y": 69.71392059326172,
        "z": 0.038614578545093536,
        "roll": -0.00012207030522404239,
        "pitch": 1.3660377589985728e-05,
        "yaw": 0.0732763484120369
    },
    "2": {
        "time": 1642697963.3091354,
        "x": -14.529489517211914,
        "y": 69.71471405029297,
        "z": 0.03811916336417198,
        "roll": 0.0,
        "pitch": 0.06136241555213928,
        "yaw": 0.07418374717235565
    },
    "3": {
        "time": 1642697963.7859225,
        "x": -13.205361366271973,
        "y": 69.7164306640625,
        "z": 0.038174666464328766,
        "roll": 0.0,
        "pitch": 0.05698426440358162,
        "yaw": 0.07435419410467148
    },
    "4": {
        "time": 1642697964.2682555,
        "x": -10.903852462768555,
        "y": 69.71942901611328,
        "z": 0.03828540816903114,
        "roll": 3.2568902002400035e-12,
        "pitch": 0.06757789105176926,
        "yaw": 0.07470091432332993
    },
    "5": {
        "time": 1642697964.7459474,
        "x": -7.6629228591918945,
        "y": 69.72367095947266,
        "z": 0.03798137605190277,
        "roll": -3.051757266803179e-05,
        "pitch": 0.0923919603228569,
        "yaw": 0.07531656324863434
    },
    "6": {
        "time": 1642697965.228305,
        "x": -3.1578896045684814,
        "y": 69.72960662841797,
        "z": 0.03819591552019119,
        "roll": 3.2568902002400035e-12,
        "pitch": 0.06685388833284378,
        "yaw": 0.07592853158712387
    },
    "7": {
        "time": 1642697965.7059042,
        "x": 1.9253919124603271,
        "y": 69.736328125,
        "z": 0.0381908044219017,
        "roll": -3.051756721106358e-05,
        "pitch": 0.06745494157075882,
        "yaw": 0.07649955153465271
    },
    "8": {
        "time": 1642697966.188198,
        "x": 8.075368881225586,
        "y": 69.74454498291016,
        "z": 0.038323745131492615,
        "roll": -3.051757266803179e-05,
        "pitch": 0.05161573737859726,
        "yaw": 0.07710500806570053
    },
    "9": {
        "time": 1642697966.6659842,
        "x": 14.58729362487793,
        "y": 69.75332641601562,
        "z": 0.03834129124879837,
        "roll": -3.051757266803179e-05,
        "pitch": 0.04958033934235573,
        "yaw": 0.07764995843172073
    },
    "10": {
        "time": 1642697967.1468856,
        "x": 21.9473819732666,
        "y": 69.7334213256836,
        "z": 0.03837001696228981,
        "roll": 0.10062871128320694,
        "pitch": 0.04610377550125122,
        "yaw": -1.2706300020217896
    },
    "11": {
        "time": 1642697967.628265,
        "x": 29.851530075073242,
        "y": 68.55360412597656,
        "z": 0.03874252364039421,
        "roll": 0.6433466672897339,
        "pitch": 0.0018441509455442429,
        "yaw": -25.437297821044922
    },
    "12": {
        "time": 1642697968.1091602,
        "x": 35.5325927734375,
        "y": 64.46856689453125,
        "z": 0.03887767717242241,
        "roll": 0.9253641366958618,
        "pitch": -0.016173887997865677,
        "yaw": -71.49476623535156
    },
    "13": {
        "time": 1642697968.585912,
        "x": 37.71389389038086,
        "y": 58.86286544799805,
        "z": 0.03910102695226669,
        "roll": 0.5457884073257446,
        "pitch": -0.04111090674996376,
        "yaw": -86.4321517944336
    },
    "14": {
        "time": 1642697969.0682654,
        "x": 38.17742919921875,
        "y": 53.446170806884766,
        "z": 0.03906742110848427,
        "roll": 0.08098955452442169,
        "pitch": -0.03665079176425934,
        "yaw": -87.14289855957031
    },
    "15": {
        "time": 1642697969.548252,
        "x": 38.42010498046875,
        "y": 48.71953201293945,
        "z": 0.03943801671266556,
        "roll": 0.0008782271179370582,
        "pitch": -0.08099237829446793,
        "yaw": -87.11553955078125
    },
    "16": {
        "time": 1642697970.0262194,
        "x": 39.05329132080078,
        "y": 44.62812805175781,
        "z": 0.03853927552700043,
        "roll": -0.30157470703125,
        "pitch": 0.02604351006448269,
        "yaw": -75.4019546508789
    },
    "17": {
        "time": 1642697970.50599,
        "x": 41.19200134277344,
        "y": 40.5703010559082,
        "z": 0.03837963193655014,
        "roll": -0.1483153998851776,
        "pitch": 0.044949471950531006,
        "yaw": -54.27642822265625
    },
    "18": {
        "time": 1642697970.9858816,
        "x": 44.42835998535156,
        "y": 36.071266174316406,
        "z": 0.03827880695462227,
        "roll": -0.0317687913775444,
        "pitch": 0.05697060376405716,
        "yaw": -53.36001968383789
    },
    "19": {
        "time": 1642697971.468256,
        "x": 48.66122055053711,
        "y": 31.309234619140625,
        "z": 0.03847350925207138,
        "roll": -0.4167785346508026,
        "pitch": 0.03380943462252617,
        "yaw": -38.87252426147461
    },
    "20": {
        "time": 1642697971.9458704,
        "x": 54.12731170654297,
        "y": 28.69278907775879,
        "z": 0.038807447999715805,
        "roll": -0.86456298828125,
        "pitch": -0.006837018765509129,
        "yaw": 0.6966734528541565
    },
    "21": {
        "time": 1642697972.4281683,
        "x": 60.55164337158203,
        "y": 29.137418746948242,
        "z": 0.038224563002586365,
        "roll": -0.2822571098804474,
        "pitch": 0.055761661380529404,
        "yaw": 15.483870506286621
    },
    "22": {
        "time": 1642697972.9081264,
        "x": 67.3376235961914,
        "y": 30.476959228515625,
        "z": 0.03833938390016556,
        "roll": 0.01696796528995037,
        "pitch": 0.049867209047079086,
        "yaw": 9.73444938659668
    },
    "23": {
        "time": 1642697973.3858562,
        "x": 74.70232391357422,
        "y": 31.386051177978516,
        "z": 0.03838291019201279,
        "roll": 0.1735687106847763,
        "pitch": 0.04441671818494797,
        "yaw": 0.9936337471008301
    },
    "24": {
        "time": 1642697973.8687258,
        "x": 82.60488891601562,
        "y": 31.4117374420166,
        "z": 0.03843345493078232,
        "roll": 0.3315730690956116,
        "pitch": 0.03867252916097641,
        "yaw": -6.315678119659424
    },
    "25": {
        "time": 1642697974.3458335,
        "x": 90.47643280029297,
        "y": 29.331588745117188,
        "z": 0.03883037343621254,
        "roll": 0.875554621219635,
        "pitch": -0.008851924911141396,
        "yaw": -39.68220520019531
    },
    "26": {
        "time": 1642697974.8281202,
        "x": 95.267822265625,
        "y": 24.14492416381836,
        "z": 0.038813285529613495,
        "roll": 0.8846428394317627,
        "pitch": 0.029745472595095634,
        "yaw": -85.11736297607422
    },
    "27": {
        "time": 1642697975.3081214,
        "x": 96.24421691894531,
        "y": 17.743907928466797,
        "z": 0.03842594102025032,
        "roll": 0.3617214262485504,
        "pitch": 0.037340641021728516,
        "yaw": -93.4881591796875
    },
    "28": {
        "time": 1642697975.7859924,
        "x": 96.5999526977539,
        "y": 11.009336471557617,
        "z": 0.038451652973890305,
        "roll": -0.10839841514825821,
        "pitch": 0.03654151037335396,
        "yaw": -81.4773941040039
    },
    "29": {
        "time": 1642697976.2658384,
        "x": 97.88404083251953,
        "y": 3.9644269943237305,
        "z": 0.03846355527639389,
        "roll": -0.1819762885570526,
        "pitch": 0.034765660762786865,
        "yaw": -73.60938262939453
    },
    "30": {
        "time": 1642697976.748103,
        "x": 100.07142639160156,